Designator,Footprint,Quantity,Value,LCSC Part #
A1,Arduino_Nano,1,Arduino_Nano_v3.x,
"B+, B-",TestPoint_Pad_D3.0mm,2,TestPoint,
Brd1,128x64OLED,1,SSD1306,
"C1, C10, C2, C4, C5, C6, C7, C8",C_1206_3216Metric,8,100n,
"C11, C12, C13, C14",C_1206_3216Metric,4,470n,
"C15, C3, C9",CP_EIA-7360-38_Kemet-E,3,100u,
C16,CP_EIA-7360-38_Kemet-E,1,47uf,
J1,HRS_ZX62D-B-5P8,1,ZX62D-B-5P8,
J2,SWITCHCRAFT_35RAPC2BHN2,1,MiniJack,
J3,TFP09212B,1,SD Card,
M1,IP5306MODULE,1,IP5306,
"R1, R2, R20, R3, R4, R5",R_1206_3216Metric,6,1K,
"R10, R11, R18, R7",R_1206_3216Metric,4,10K,
"R12, R9",R_1206_3216Metric,2,4.7K,
"R13, R8",R_1206_3216Metric,2,510,
"R14, R15, R16, R17",R_1206_3216Metric,4,3.3K,
R19,R_1206_3216Metric,1,16K,
R6,R_1206_3216Metric,1,100K,
S1,SW_1825910-7,1,LEFT,
S2,SW_1825910-7,1,DOWN,
S3,SW_1825910-7,1,OK,
S4,SW_1825910-7,1,UP,
S5,SW_1825910-7,1,RIGHT,
S6,SW_EG1213,1,EG1213,
U1,DIP-28_W15.24mm_Socket,1,AY-3-8912,
U2,SOIC-16_3.9x9.9mm_P1.27mm,1,PCF8574,
U3,DIP-40_W15.24mm_Socket,1,AY-3-8910,
U4,TSSOP-14_4.4x5mm_P0.65mm,1,74LVC125,
U5,QFN50P400X400X80-21N,1,TPA6130A2RTJTG4,TPA6130A2RTJTG4
U6,SOT-223-3_TabPin2,1,AMS1117-3.3,
